lang	P@1_x2en	P@1_en2x	share_cos>=0.40	mean_cos	anchor	anchor_share
scn	0.990	0.978	0.981	0.755	vec	0.182
fur	0.995	0.984	0.988	0.744	vec	0.216
lij	0.993	0.984	0.985	0.767	vec	0.236
lmo	0.985	0.964	0.968	0.723	fur	0.186
srd	0.994	0.989	0.991	0.757	oc	0.203
vec	0.999	0.997	0.997	0.817	lij	0.152
it	1.000	1.000	1.000	0.893	fr	0.273
es	0.999	0.999	0.999	0.884	ca	0.260
fr	1.000	1.000	1.000	0.899	pt	0.306
ca	1.000	1.000	1.000	0.905	fr	0.237
pt	1.000	1.000	1.000	0.885	gl	0.318
ro	1.000	1.000	1.000	0.851	pt	0.435
oc	1.000	0.999	1.000	0.870	ca	0.336
gl	1.000	1.000	1.000	0.882	pt	0.379
