id	title	genre	n	oov	labse_cos	recall@0.40
as42-p122	Giuseppe Sciacca	prose	24	0.7258352964895473	0.3592222956940532	0.375
as41-p116	Benedetta Lino	prose	20	0.5809862453560418	0.49516057446599004	0.55
as42-p046	A so disposizioni — M. Scalabrino	poetry	130	0.31086593484540187	0.5466023304750427	0.7692307692307693
as42-p056	U Cannitu — A. Di Pietro	poetry	54	0.39345064243939887	0.5941314375097001	0.6481481481481481
as42-p034	Carlo Puleo	prose	31	0.31767367389539297	0.5959664581403616	0.8387096774193549
as42-p040	Lu ròggiu di lu varveri — G. Pitrè	folk-tale	40	0.26063192678876523	0.6069694135338068	0.875
as41-p042	Nuttata di cauru — Santiaco	poetry	48	0.27833288023411284	0.6612671871359149	0.8333333333333334
as41-p036	Puleo (article)	prose	52	0.28838009755019284	0.670560704329266	0.9038461538461539
as42-p062	I borghi chiù beddi di la Sicilia	prose	80	0.31139499969400536	0.7010665754089132	0.925
as41-p096	Sicilian Artist of Universal Vision — Fusco	prose	34	0.35628922374018934	0.702589239267742	0.9411764705882353
as42-p130	The Story of Catallu Valenti	prose	36	0.2499602462282534	0.7143494296405051	0.9166666666666666
as42-p136	Sasizza, pipi e cipudda — B. Lino	prose	30	0.27821388700659205	0.7229078710079193	0.9666666666666667
as42-p080	Dedalu — R. Tripodi	poetry	184	0.35275890863007164	0.7380440203553956	0.9565217391304348
as42-p140	Ricenzioni — N. Provenzano	prose	150	0.36449113254307125	0.7386428176363309	0.92
as41-p066	Lu Pani — G. Basile	prose	50	0.2966369651934629	0.7450883051753044	0.94
as41-p126	review (Cocuzza / Buscemi)	prose	156	0.3989806194525124	0.7579815989981095	0.9294871794871795
as41-p048	Lu Don Chisciotti Sicilianu — G. Cipolla	standard-prose	114	0.34286978655130373	0.7585076152167299	0.9122807017543859
as42-p074	The Story of Antonino Sciascia	prose	43	0.3403418677051754	0.7852169697194599	0.9534883720930233
