id	title	genre	n	oov	norm_div	words	se_score	ha_score
as42-p122	Giuseppe Sciacca	prose	25	0.7151352179632988	0.004705882352941176	27.72	6.651166666666668	0.489102416
as41-p116	Benedetta Lino	prose	22	0.6124209209389178	0.0	18.727272727272727	6.4372	0.7556530454545455
as42-p140	Ricenzioni — N. Provenzano	prose	182	0.435494554980712	0.01304413910179099	18.923076923076923	4.9187199999999995	0.7549073969230768
as41-p126	review (Cocuzza / Buscemi)	prose	164	0.4207470104229287	0.0122466403396798	24.420731707317074	5.441593548387097	1.0612427524390244
as42-p056	U Cannitu — A. Di Pietro	poetry	54	0.39345064243939887	0.008654868642613741	17.462962962962962	6.876740740740741	1.0548199666666667
as41-p096	Sicilian Artist of Universal Vision — Fusco	prose	34	0.35628922374018934	0.01363487115105628	20.941176470588236	6.515823529411765	1.0347191794117647
as41-p048	Lu Don Chisciotti Sicilianu — G. Cipolla	standard-prose	119	0.35523016948897806	0.021857127047727687	24.865546218487395	4.961938053097345	1.0485314423728813
as42-p080	Dedalu — R. Tripodi	poetry	184	0.35275890863007164	0.02227896770660883	21.983695652173914	5.251402173913044	1.1113982842391303
as42-p074	The Story of Antonino Sciascia	prose	43	0.3403418677051754	0.01970042783783237	22.674418604651162	5.199767441860465	0.963125788372093
as42-p034	Carlo Puleo	prose	32	0.3197656023553927	0.024901770968243926	23.78125	6.345129032258065	0.66092918125
as42-p062	I borghi chiù beddi di la Sicilia	prose	81	0.31680987624099294	0.017129721178897928	27.71604938271605	5.4270125	0.9862760987654321
as42-p136	Sasizza, pipi e cipudda — B. Lino	prose	33	0.31612955139564686	0.01969943371361646	19.606060606060606	4.855733333333333	1.0776622727272727
as42-p046	A so disposizioni — M. Scalabrino	poetry	132	0.3110800873477443	0.008642990410191972	20.053030303030305	6.536838461538461	0.5020845809090909
as41-p066	Lu Pani — G. Basile	prose	51	0.29459129317609484	0.018871805253905076	22.627450980392158	5.22312	0.9043714117647059
as41-p036	Puleo (article)	prose	52	0.28838009755019284	0.011427709347237162	25.53846153846154	6.137711538461539	0.8135569611538462
as41-p042	Nuttata di cauru — Santiaco	poetry	48	0.2823392904905231	0.02077687618905253	22.604166666666668	5.580127659574469	0.9673191166666667
as42-p040	Lu ròggiu di lu varveri — G. Pitrè	folk-tale	40	0.26063192678876523	0.01602302933213786	23.25	6.5444249999999995	0.614647575
as42-p130	The Story of Catallu Valenti	prose	36	0.2499602462282534	0.026295364263186263	24.416666666666668	5.4885	1.2700061222222223
